xintercept	showSelected1
1	1
-0.5	2
0.25	3
-0.125	4
0.0625	5
0.15625	6
0.203125	7
0.2265625	8
0.21484375	9
0.208984375	10
0.2119140625	11
0.21337890625	12
0.212646484375	13
0.2130126953125	14
0.21282958984375	15
0.212738037109375	16
