xintercept	showSelected1
4	1
1	2
1	3
0.25	4
0.25	5
0.25	6
0.25	7
0.25	8
0.2265625	9
0.21484375	10
0.21484375	11
0.21484375	12
0.21337890625	13
0.21337890625	14
0.2130126953125	15
0.21282958984375	16
