xintercept	showSelected1
-2	1
-2	2
-0.5	3
-0.5	4
-0.125	5
0.0625	6
0.15625	7
0.203125	8
0.203125	9
0.203125	10
0.208984375	11
0.2119140625	12
0.2119140625	13
0.212646484375	14
0.212646484375	15
0.212646484375	16
