x	y	label	showSelected1	group
1	0	c: 1.0000	1	-1
-0.5	0	c: -0.5000	2	-1
0.25	0	c: 0.2500	3	-1
-0.125	0	c: -0.1250	4	-1
0.0625	0	c: 0.0625	5	-1
0.15625	0	c: 0.1562	6	-1
0.203125	0	c: 0.2031	7	-1
0.2265625	0	c: 0.2266	8	-1
0.21484375	0	c: 0.2148	9	-1
0.208984375	0	c: 0.2090	10	-1
0.2119140625	0	c: 0.2119	11	-1
0.21337890625	0	c: 0.2134	12	-1
0.212646484375	0	c: 0.2126	13	-1
0.2130126953125	0	c: 0.2130	14	-1
0.21282958984375	0	c: 0.2128	15	-1
0.212738037109375	0	c: 0.2127	16	-1
